id;parent;type;name;shortName;shortcut;explanation;specs;aggregationType
1;0;category;[["latex","6"]];;scitani_a_odcitani_6;;;basic
2;0;category;[["latex","7"]];;scitani_a_odcitani_7;;;basic
3;0;category;[["latex","8"]];;scitani_a_odcitani_8;;;basic
4;0;category;[["latex","9"]];;scitani_a_odcitani_9;;;basic
5;0;category;[["latex","10"]];;scitani_a_odcitani_10;;;basic
6;0;category;[["latex","11"]];;scitani_a_odcitani_11;;;basic
7;0;category;[["latex","12"]];;scitani_a_odcitani_12;;;basic
8;0;category;[["latex","13"]];;scitani_a_odcitani_13;;;basic
9;0;category;[["latex","14"]];;scitani_a_odcitani_14;;;basic
10;0;category;[["latex","15"]];;scitani_a_odcitani_15;;;basic
11;0;category;[["latex","16"]];;scitani_a_odcitani_16;;;basic
12;0;category;[["latex","17"]];;scitani_a_odcitani_17;;;basic
13;0;category;[["latex","18"]];;scitani_a_odcitani_18;;;basic
14;0;category;[["latex","19"]];;scitani_a_odcitani_19;;;basic
15;0;category;[["latex","20"]];;scitani_a_odcitani_20;;;basic
16;0;category;[["latex","1"]];;scitani_a_odcitani_1;;;basic
17;0;category;[["latex","2"]];;scitani_a_odcitani_2;;;basic
18;0;category;[["latex","3"]];;scitani_a_odcitani_3;;;basic
19;0;category;[["latex","4"]];;scitani_a_odcitani_4;;;basic
20;0;category;[["latex","5"]];;scitani_a_odcitani_5;;;basic
21;0;category;[["latex","1"]];;deleni_do_100_vysledek_pod_10_1;;;basic
22;0;category;[["latex","2"]];;deleni_do_100_vysledek_pod_10_2;;;basic
23;0;category;[["latex","3"]];;deleni_do_100_vysledek_pod_10_3;;;basic
24;0;category;[["latex","4"]];;deleni_do_100_vysledek_pod_10_4;;;basic
25;0;category;[["latex","5"]];;deleni_do_100_vysledek_pod_10_5;;;basic
26;0;category;[["latex","6"]];;deleni_do_100_vysledek_pod_10_6;;;basic
27;0;category;[["latex","7"]];;deleni_do_100_vysledek_pod_10_7;;;basic
28;0;category;[["latex","8"]];;deleni_do_100_vysledek_pod_10_8;;;basic
29;0;category;[["latex","9"]];;deleni_do_100_vysledek_pod_10_9;;;basic
30;0;category;[["latex","10"]];;deleni_do_100_vysledek_pod_10_10;;;basic
31;0;category;[["latex","1"]];;deleni_do_200_vysledek_pod_20_1;;;basic
32;0;category;[["latex","2"]];;deleni_do_200_vysledek_pod_20_2;;;basic
33;0;category;[["latex","3"]];;deleni_do_200_vysledek_pod_20_3;;;basic
34;0;category;[["latex","4"]];;deleni_do_200_vysledek_pod_20_4;;;basic
35;0;category;[["latex","5"]];;deleni_do_200_vysledek_pod_20_5;;;basic
36;0;category;[["latex","6"]];;deleni_do_200_vysledek_pod_20_6;;;basic
37;0;category;[["latex","7"]];;deleni_do_200_vysledek_pod_20_7;;;basic
38;0;category;[["latex","8"]];;deleni_do_200_vysledek_pod_20_8;;;basic
39;0;category;[["latex","9"]];;deleni_do_200_vysledek_pod_20_9;;;basic
40;0;category;[["latex","10"]];;deleni_do_200_vysledek_pod_20_10;;;basic
41;0;category;[["latex","11"]];;deleni_do_200_vysledek_pod_20_11;;;basic
42;0;category;[["latex","12"]];;deleni_do_200_vysledek_pod_20_12;;;basic
43;0;category;[["latex","13"]];;deleni_do_200_vysledek_pod_20_13;;;basic
44;0;category;[["latex","14"]];;deleni_do_200_vysledek_pod_20_14;;;basic
45;0;category;[["latex","15"]];;deleni_do_200_vysledek_pod_20_15;;;basic
46;0;category;[["latex","16"]];;deleni_do_200_vysledek_pod_20_16;;;basic
47;0;category;[["latex","17"]];;deleni_do_200_vysledek_pod_20_17;;;basic
48;0;category;[["latex","18"]];;deleni_do_200_vysledek_pod_20_18;;;basic
49;0;category;[["latex","19"]];;deleni_do_200_vysledek_pod_20_19;;;basic
50;0;category;[["latex","20"]];;deleni_do_200_vysledek_pod_20_20;;;basic
226;15;binaryChoice;;;bc-pocitani-do-100;;;basic
227;15;binaryChoice;[["text","Odhad počtu teček"]];;bc-odhad-poctu-tecek;;;basic
228;16;binaryChoice;;;bc-porovnavani-cisel-do-100;;;basic
229;158;binaryChoice;;;bc-cisla-slovne;;;basic
230;151;binaryChoice;;;bc-zaokrouhlovani-na-desitky-a-stovky;;;basic
231;274;binaryChoice;;;bc-zaokrouhlovani-velkych-cisel;;;basic
232;101;binaryChoice;;;bc-scitani-a-odcitani-do-10;;;basic
233;101;binaryChoice;[["text","Sčítání do 10 obrázkově"]];;bc-scitani-do-10-obrazkove;;;basic
234;17;binaryChoice;;;bc-scitani-a-odcitani-do-20;;;basic
235;17;binaryChoice;[["text","Sčítání do 20 obrázkově"]];;bc-scitani-do-20-obrazkove;;;basic
236;18;binaryChoice;;;bc-scitani-a-odcitani-od-20-do-100;;;basic
237;18;binaryChoice;[["text","Sčítání do 100 obrázkově"]];;bc-scitani-do-100-obrazkove;;;basic
238;155;binaryChoice;;;bc-scitani-a-odcitani-nad-100;;;basic
239;19;binaryChoice;;;bc-scitani-pod-sebou;;;basic
240;20;binaryChoice;;;bc-odcitani-pod-sebou;;;basic
241;21;binaryChoice;;;bc-mala-nasobilka;;;basic
242;21;binaryChoice;[["text","Tabulka malé násobilky"]];;bc-tabulka-male-nasobilky;;;basic
243;24;binaryChoice;;;bc-nasobeni-viceciferne;;;basic
244;163;binaryChoice;;;bc-pisemne-nasobeni-pod-sebou;;;basic
245;22;binaryChoice;;;bc-deleni-jednociferne;;;basic
246;23;binaryChoice;;;bc-deleni-se-zbytkem;;;basic
247;147;binaryChoice;;;bc-deleni-viceciferne;;;basic
248;25;binaryChoice;;;bc-poradi-operaci-zavorky;;;basic
249;304;binaryChoice;;;bc-zapis-ciselnych-vyrazu;;;basic
250;125;binaryChoice;;;bc-priblizne-pocitani;;;basic
251;120;binaryChoice;;;bc-porovnavani-kladnych-a-zapornych-cisel;;;basic
252;103;binaryChoice;;;bc-ciselna-osa-kladna-a-zaporna-cisla;;;basic
253;27;binaryChoice;;;bc-pocitani-se-zapornymi-cisly;;;basic
254;28;binaryChoice;;;bc-vyrazy-s-absolutni-hodnotou;;;basic
255;30;binaryChoice;;;bc-sude-liche;;;basic
256;31;binaryChoice;;;bc-podminky-delitelnosti;;;basic
257;32;binaryChoice;;;bc-prvocisla;;;basic
258;211;binaryChoice;;;bc-nejvetsi-spolecny-delitel;;;basic
259;212;binaryChoice;;;bc-nejmensi-spolecny-nasobek;;;basic
260;165;binaryChoice;;;bc-mocniny;;;basic
261;166;binaryChoice;;;bc-odmocniny;;;basic
262;34;binaryChoice;;;bc-vyrazy-s-mocninami-a-odmocninami;;;basic
263;167;binaryChoice;;;bc-zaporne-mocniny;;;basic
264;216;binaryChoice;;;bc-vedecky-zapis-cisel;;;basic
265;35;binaryChoice;;;bc-logaritmus-vypocet;;;basic
266;273;binaryChoice;;;bc-vyrazy-s-logaritmy;;;basic
267;36;binaryChoice;;;bc-rimske-cislice;;;basic
268;37;binaryChoice;;;bc-binarni-cisla;;;basic
269;41;binaryChoice;;;bc-poznavani-zlomku;;;basic
270;118;binaryChoice;;;bc-zlomky-na-ciselne-ose;;;basic
271;42;binaryChoice;;;bc-porovnavani-zlomku;;;basic
272;43;binaryChoice;;;bc-kraceni-zlomku;;;basic
273;168;binaryChoice;;;bc-smisena-cisla;;;basic
274;44;binaryChoice;;;bc-scitani-a-odcitani-zlomku;;;basic
275;45;binaryChoice;;;bc-nasobeni-a-deleni-zlomku;;;basic
276;172;binaryChoice;;;bc-zlomky-mocniny-odmocniny;;;basic
277;46;binaryChoice;[["text","Odhady procent – tečky"]];;bc-odhady-procent-tecky;;;basic
278;47;binaryChoice;;;bc-pocitani-s-procenty;;;basic
279;47;binaryChoice;[["text","Přibližné počítání s procenty"]];;bc-priblizne-pocitani-s-procenty;;;basic
280;48;binaryChoice;;;bc-zlomky-a-procenta;;;basic
281;232;binaryChoice;;;bc-desetinna-cisla-slovne;;;basic
282;121;binaryChoice;;;bc-porovnavani-desetinnych-cisel;;;basic
283;152;binaryChoice;;;bc-zaokrouhlovani-desetinnych-cisel;;;basic
284;119;binaryChoice;;;bc-desetinna-cisla-na-ciselne-ose;;;basic
285;49;binaryChoice;;;bc-scitani-a-odcitani-desetinnych-cisel;;;basic
286;50;binaryChoice;;;bc-nasobeni-desetinnych-cisel;;;basic
287;217;binaryChoice;;;bc-deleni-desetinnych-cisel;;;basic
288;51;binaryChoice;;;bc-zlomky-a-desetinna-cisla;;;basic
289;173;binaryChoice;;;bc-desetinna-cisla-mocniny-odmocniny;;;basic
290;259;binaryChoice;[["text","Doplňování útvarů"]];;bc-doplnovani-utvaru;;;basic
291;259;binaryChoice;[["text","Otočení a překlopení v rovině"]];;bc-otoceni-a-preklopeni-v-rovine;;;basic
292;257;binaryChoice;[["text","Kostky: plán stavby"]];;bc-kostky-plan-stavby;;;basic
293;257;binaryChoice;[["text","Nárys a půdorys"]];;bc-narys-a-pudorys;;;basic
294;257;binaryChoice;[["text","Stavby z kostek: pohled ze stran"]];;bc-stavby-z-kostek-pohled-ze-stran;;;basic
295;261;binaryChoice;;;bc-sit-krychle;;;basic
296;122;binaryChoice;;;bc-site-teles;;;basic
297;280;binaryChoice;;;bc-rezy-krychle;;;basic
298;281;binaryChoice;;;bc-rezy-teles;;;basic
299;260;binaryChoice;[["text","3D objekty z různých pohledů"]];;bc-3d-objekty-z-ruznych-pohledu;;;basic
300;260;binaryChoice;[["text","Drátek v průhledném objektu"]];;bc-dratek-v-pruhlednem-objektu;;;basic
301;59;binaryChoice;;;bc-nazvy-geometrickych-utvaru-a-teles;;;basic
302;270;binaryChoice;[["text","Pojmy: dvojice úhlů"]];;bc-pojmy-dvojice-uhlu;;;basic
303;270;binaryChoice;[["text","Pojmy: velikost úhlů"]];;bc-pojmy-velikost-uhlu;;;basic
304;269;binaryChoice;[["text","Pojmy související s trojúhelníkem"]];;bc-pojmy-souvisejici-s-trojuhelnikem;;;basic
305;268;binaryChoice;;;bc-pojmy-souvisejici-s-kruznici;;;basic
306;144;writtenAnswer;;;wa-obsah-trojuhelnik-lichobeznik-rovnobeznik-mrizka-mix;;{    "rs": [        "wa-obsah-trojuhelniky-mrizka",        "wa-obsah-lichobeznik-mrizka",        "wa-obsah-rovnobeznik-mrizka"    ]};mix
307;145;binaryChoice;;;bc-obvod-trojuhelniky-ctyruhelniky-mix;;{    "rs": [        "bc-obvod-ctverce-obdelniky",        "bc-obvod-rovnobezniky",        "bc-obvod-trojuhelniky",        "bc-obvod-lichobezniky",        "bc-obvod-obecne-ctyruhelniky"    ]};mix
309;115;binaryChoice;[["text","Obsah, obvod: vzorce, principy"]];;bc-obsah-obvod-vzorce-principy;;{    "rs": [        "bc-obsah-ctverce-obdelniky-principy",        "bc-obsah-trojuhelniky-principy",        "bc-obsah-lichobezniky-principy",        "bc-obsah-rovnobezniky-principy",        "bc-obsah-pravidelne-nuhelniky-principy",        "bc-obsah-kruh-principy",        "bc-obvod-kruh-kruznice-principy",        "bc-obvod-ctverce-obdelniky-principy",        "bc-obvod-trojuhelniky-principy",        "bc-obvod-lichobezniky-principy",        "bc-obvod-rovnobezniky-principy",        "bc-obvod-pravidelne-nuhelniky-principy"    ]};mix
310;266;binaryChoice;[["text","Objem, povrch: koule, válec, kužel"]];;bc-objem-povrch-koule-valec-kuzel;;{    "rs": [        "bc-objem-valec",        "bc-objem-kuzel",        "bc-objem-koule",        "bc-povrch-valec",        "bc-povrch-kuzel",        "bc-povrch-koule"    ]};mix
311;266;binaryChoice;[["text","Objem, povrch: kvádr, hranol, jehlan"]];;bc-objem-povrch-kvadr-hranol-jehlan;;{    "rs": [        "bc-objem-krychle-kvadr",        "bc-objem-hranol",        "bc-objem-jehlan",        "bc-povrch-krychle-kvadr",        "bc-povrch-hranol",        "bc-povrch-jehlan"    ]};mix
312;266;binaryChoice;[["text","Objem, povrch: vzorce, principy"]];;bc-objem-povrch-vzorce-principy;;;basic
313;63;binaryChoice;;;bc-poznavani-uhlu;;;basic
314;128;binaryChoice;;;bc-uhly-v-trojuhelniku-stare;;;basic
315;154;binaryChoice;;;bc-uhly-ve-ctyruhelniku-stare;;;basic
316;201;binaryChoice;;;bc-uhly-a-mnohouhelniky;;;basic
317;278;binaryChoice;;;bc-uhly-a-kruznice;;;basic
318;205;binaryChoice;;;bc-geometricke-konstrukce-znaceni;;;basic
319;300;binaryChoice;;;bc-poloprimky-a-poloroviny;;;basic
320;66;binaryChoice;;;bc-osova-soumernost;;;basic
321;129;binaryChoice;;;bc-stredova-soumernost;;;basic
322;67;binaryChoice;;;bc-podobnost-shodnost;;;basic
323;220;binaryChoice;;;bc-urceni-zobrazeni-v-rovine;;;basic
324;156;binaryChoice;;;bc-pythagorova-veta-zakladni-pouziti;;;basic
325;157;binaryChoice;;;bc-pythagorova-veta-aplikace;;;basic
326;157;binaryChoice;[["text","Pythagorova věta: aplikace ve 3D"]];;bc-pythagorova-veta-aplikace-ve-3d;;;basic
327;298;binaryChoice;;;bc-usecky;;;basic
328;299;binaryChoice;;;bc-vektory-pojmy;;;basic
329;284;binaryChoice;;;bc-operace-s-vektory;;;basic
330;285;binaryChoice;;;bc-rovnice-primky;;;basic
331;302;binaryChoice;;;bc-rovnice-roviny;;;basic
332;277;binaryChoice;;;bc-kuzelosecky-mix;;;basic
333;83;binaryChoice;;;bc-dosazovani-do-vyrazu;;;basic
334;303;binaryChoice;[["text","Zápis výrazů s proměnnými"]];;bc-zapis-vyrazu-s-promennymi;;;basic
335;303;binaryChoice;[["text","Zápis zadání pomocí výrazu"]];;bc-zapis-zadani-pomoci-vyrazu;;;basic
336;140;binaryChoice;;;bc-upravy-vyrazu-s-jednou-promennou;;;basic
337;82;binaryChoice;;;bc-upravy-vyrazu-s-vice-promennymi;;;basic
338;82;binaryChoice;[["text","Rozklad na součin"]];;bc-rozklad-na-soucin;;;basic
339;82;binaryChoice;[["text","Úpravy výrazů: vnořené mocniny"]];;bc-upravy-vyrazu-vnorene-mocniny;;;basic
340;138;binaryChoice;;;bc-upravy-vyrazu-se-zlomky;;;basic
341;139;binaryChoice;[["text","Podmínky lomených výrazů"]];;bc-podminky-lomenych-vyrazu;;;basic
342;139;binaryChoice;[["text","Úpravy lomených výrazů"]];;bc-upravy-lomenych-vyrazu;;;basic
343;141;binaryChoice;[["text","Úpravy výrazů s faktoriálem"]];;bc-upravy-vyrazu-s-faktorialem;;;basic
344;141;binaryChoice;[["text","Úpravy výrazů s kombinačním číslem"]];;bc-upravy-vyrazu-s-kombinacnim-cislem;;;basic
345;305;binaryChoice;;;bc-zapis-zadani-pomoci-rovnice;;;basic
346;319;binaryChoice;;;bc-pomery;;;basic
347;235;binaryChoice;;;bc-prima-a-neprima-umernost;;;basic
348;199;binaryChoice;;;bc-zapis-posloupnosti;;;basic
349;200;binaryChoice;;;bc-aritmeticka-a-geometricka-posloupnost;;;basic
350;221;binaryChoice;;;bc-zakladni-typy-funkci;;;basic
351;222;binaryChoice;;;bc-vlastnosti-funkci;;;basic
352;65;binaryChoice;;;bc-souradnice-bodu;;;basic
353;75;binaryChoice;;;bc-grafy-linearnich-funkci;;;basic
354;80;binaryChoice;;;bc-grafy-kvadratickych-funkci;;;basic
355;77;binaryChoice;;;bc-grafy-funkci-s-absolutni-hodnotou;;;basic
356;70;binaryChoice;;;bc-grafy-goniometrickych-funkci;;;basic
357;76;binaryChoice;;;bc-grafy-linearnich-nerovnic;;;basic
358;218;binaryChoice;;;bc-vlastnosti-linearni-funkce;;;basic
359;219;binaryChoice;;;bc-vlastnosti-kvadraticke-funkce;;;basic
360;69;binaryChoice;;;bc-goniometricke-funkce-a-pravouhly-trojuhelnik;;;basic
361;175;binaryChoice;;;bc-hodnoty-goniometrickych-funkci;;;basic
362;271;binaryChoice;;;bc-goniometricke-funkce-vztahy-a-vzorce;;;basic
363;229;binaryChoice;;;bc-vlastnosti-goniometrickych-funkci;;;basic
364;228;binaryChoice;;;bc-vlastnosti-exponencialnich-a-logaritmickych-funkci;;;basic
365;91;binaryChoice;;;bc-hodiny-urcovani-casu;;;basic
366;254;binaryChoice;;;bc-jednotky-casu;;;basic
367;93;binaryChoice;[["text","Jednotky délky: ze života"]];;bc-jednotky-delky-ze-zivota;;;basic
368;93;binaryChoice;[["text","Převody jednotek délky"]];;bc-prevody-jednotek-delky;;;basic
369;94;binaryChoice;[["text","Jednotky hmotnosti: ze života"]];;bc-jednotky-hmotnosti-ze-zivota;;;basic
370;94;binaryChoice;[["text","Převody jednotek hmotnosti"]];;bc-prevody-jednotek-hmotnosti;;;basic
371;126;binaryChoice;[["text","Jednotky obsahu: ze života"]];;bc-jednotky-obsahu-ze-zivota;;;basic
372;126;binaryChoice;[["text","Převody jednotek obsahu"]];;bc-prevody-jednotek-obsahu;;;basic
373;127;binaryChoice;;;bc-jednotky-objemu;;;basic
374;210;binaryChoice;[["text","Jednotky teploty: ze života"]];;bc-jednotky-teploty-ze-zivota;;;basic
375;160;binaryChoice;[["text","Jednotky: zkratky a předpony"]];;bc-jednotky-zkratky-a-predpony;;;basic
376;160;binaryChoice;[["text","Výběr správné jednotky"]];;bc-vyber-spravne-jednotky;;;basic
377;188;binaryChoice;;;bc-mnoziny-pojmy-a-znaceni;;;basic
378;247;binaryChoice;;;bc-zapis-mnozin;;;basic
379;143;binaryChoice;;;bc-mnozinove-operace;;;basic
380;244;binaryChoice;;;bc-vlastnosti-mnozin-a-mnozinovych-operaci;;;basic
381;189;binaryChoice;;;bc-vennovy-diagramy;;;basic
382;246;binaryChoice;;;bc-mnoziny-mnozin-potencni-mnozina;;;basic
383;186;binaryChoice;;;bc-logika-pojmy-a-znaceni;;;basic
384;242;binaryChoice;;;bc-vyhodnocovani-logickych-vyrazu;;;basic
385;187;binaryChoice;;;bc-upravy-logickych-vyrazu;;;basic
386;248;binaryChoice;;;bc-kvantifikatory;;;basic
387;190;binaryChoice;;;bc-kombinatorika-pojmy;;;basic
388;249;binaryChoice;;;bc-pravdepodobnost-pojmy-a-znaceni;;;basic
389;250;binaryChoice;;;bc-zakladni-pravdepodobnost-jevu;;;basic
390;251;binaryChoice;;;bc-opakovane-pokusy-a-slozene-jevy;;;basic
391;88;binaryChoice;;;bc-tabulky-zakladni-porozumeni;;;basic
392;255;binaryChoice;;;bc-vztahy-grafu-a-tabulek;;;basic
393;292;binaryChoice;;;bc-sloupcove-grafy;;;basic
394;294;binaryChoice;;;bc-kolacove-grafy;;;basic
395;87;binaryChoice;;;bc-spojnicove-grafy;;;basic
396;293;binaryChoice;;;bc-bodove-grafy;;;basic
397;291;binaryChoice;;;bc-prumer-a-median;;;basic
398;296;binaryChoice;;;bc-korelacni-koeficient;;;basic
399;297;binaryChoice;;;bc-typy-statistickych-dat;;;basic
400;290;binaryChoice;;;bc-popisna-statistika-zakladni-pojmy;;;basic
401;153;binaryChoice;[["text", "Obsah šedé oblasti"]];;bc-obsah-sede-oblasti;;;basic
402;128;binaryChoice;;;bc-uhly-v-trojuhelniku;;;basic
403;154;binaryChoice;;;bc-uhly-ve-ctyruhelniku;;;basic
404;177;binaryChoice;;;bc-cisla-mix;;{"rs": ["bc-cisla-slovne", "bc-pocitani-do-100", "bc-porovnavani-cisel-do-100", "bc-zaokrouhlovani-na-desitky-a-stovky"]};mix
405;106;binaryChoice;;;bc-scitani-a-odcitani-zaklady-mix;;{    "rs": [        "bc-scitani-a-odcitani-do-10",        "bc-scitani-a-odcitani-do-20",        "bc-scitani-do-10-obrazkove",        "bc-scitani-do-20-obrazkove"    ]};mix
406;214;binaryChoice;;;bc-scitani-a-odcitani-viceciferne-mix;;{"rs": ["bc-odcitani-pod-sebou", "bc-scitani-a-odcitani-nad-100", "bc-scitani-a-odcitani-od-20-do-100", "bc-scitani-pod-sebou"]};mix
407;107;binaryChoice;;;bc-nasobeni-a-deleni-mix;;{"rs": ["bc-deleni-jednociferne", "bc-deleni-se-zbytkem", "bc-deleni-viceciferne", "bc-mala-nasobilka", "bc-nasobeni-viceciferne", "bc-pisemne-nasobeni-pod-sebou"]};mix
408;109;binaryChoice;;;bc-kladna-a-zaporna-cisla-mix;;{"rs": ["bc-ciselna-osa-kladna-a-zaporna-cisla", "bc-pocitani-se-zapornymi-cisly", "bc-porovnavani-kladnych-a-zapornych-cisel", "bc-vyrazy-s-absolutni-hodnotou"]};mix
409;110;binaryChoice;;;bc-delitelnost-mix;;{"rs": ["bc-nejmensi-spolecny-nasobek", "bc-nejvetsi-spolecny-delitel", "bc-podminky-delitelnosti", "bc-prvocisla", "bc-sude-liche"]};mix
410;33;binaryChoice;;;bc-mocniny-a-odmocniny-mix;;{"rs": ["bc-logaritmus-vypocet", "bc-mocniny", "bc-odmocniny", "bc-vedecky-zapis-cisel", "bc-vyrazy-s-logaritmy", "bc-vyrazy-s-mocninami-a-odmocninami", "bc-zaporne-mocniny"]};mix
411;111;binaryChoice;;;bc-zlomky-mix;;{"rs": ["bc-kraceni-zlomku", "bc-nasobeni-a-deleni-zlomku", "bc-porovnavani-zlomku", "bc-poznavani-zlomku", "bc-scitani-a-odcitani-zlomku", "bc-smisena-cisla", "bc-upravy-vyrazu-se-zlomky", "bc-zaokrouhlovani-desetinnych-cisel", "bc-zlomky-mocniny-odmocniny", "bc-zlomky-na-ciselne-ose"]};mix
412;112;binaryChoice;;;bc-procenta-mix;;{"rs": ["bc-pocitani-s-procenty", "bc-zlomky-a-procenta"]};mix
413;113;binaryChoice;;;bc-desetinna-cisla-mix;;{"rs": ["bc-deleni-desetinnych-cisel", "bc-desetinna-cisla-mocniny-odmocniny", "bc-desetinna-cisla-na-ciselne-ose", "bc-desetinna-cisla-slovne", "bc-nasobeni-desetinnych-cisel", "bc-porovnavani-desetinnych-cisel", "bc-scitani-a-odcitani-desetinnych-cisel", "bc-zlomky-a-desetinna-cisla"]};mix
414;258;binaryChoice;;;bc-prostorova-predstavivost-mix;;{"rs": ["bc-3d-objekty-z-ruznych-pohledu", "bc-doplnovani-utvaru", "bc-kostky-plan-stavby", "bc-sit-krychle"]};mix
415;178;binaryChoice;;;bc-geometricke-pojmy-mix;;{"rs": ["bc-nazvy-geometrickych-utvaru-a-teles", "bc-pojmy-dvojice-uhlu", "bc-pojmy-souvisejici-s-kruznici", "bc-pojmy-souvisejici-s-trojuhelnikem", "bc-site-teles"]};mix
416;115;binaryChoice;;;bc-obsah-obvod-mix;;{    "rs": [        "bc-obsah-ctverce-obdelniky",        "bc-obsah-rovnobezniky",        "bc-obsah-trojuhelniky",        "bc-obsah-lichobezniky",        "bc-obsah-kruh",        "bc-obsah-vysec",        "bc-delka-oblouku",        "bc-obvod-kruh-kruznice",        "bc-obvod-ctverce-obdelniky",        "bc-obvod-rovnobezniky",        "bc-obvod-trojuhelniky",        "bc-obvod-lichobezniky",        "bc-obvod-pravidelne-nuhelniky",        "bc-obvod-obecne-ctyruhelniky"    ]};mix
417;180;binaryChoice;;;bc-operace-a-vlastnosti-v-rovine-mix;;{"rs": ["bc-osova-soumernost", "bc-podobnost-shodnost", "bc-souradnice-bodu", "bc-stredova-soumernost"]};mix
418;182;binaryChoice;;;bc-vyrazy-a-jejich-upravy-mix;;{"rs": ["bc-dosazovani-do-vyrazu", "bc-podminky-lomenych-vyrazu", "bc-upravy-vyrazu-s-faktorialem", "bc-upravy-vyrazu-s-jednou-promennou", "bc-upravy-vyrazu-s-vice-promennymi", "bc-upravy-vyrazu-se-zlomky"]};mix
419;222;binaryChoice;;;bc-vlastnosti-funkci-mix;;{    "rs": [        "bc-vlastnosti-exponencialnich-a-logaritmickych-funkci",        "bc-vlastnosti-goniometrickych-funkci",        "bc-vlastnosti-kvadraticke-funkce",        "bc-vlastnosti-linearni-funkce"    ]};mix
420;267;binaryChoice;;;bc-grafy-funkci-mix;;{"rs": ["bc-grafy-funkci-s-absolutni-hodnotou", "bc-grafy-goniometrickych-funkci", "bc-grafy-kvadratickych-funkci", "bc-grafy-linearnich-funkci"]};mix
421;116;binaryChoice;;;bc-linearni-funkce-mix;;{"rs": ["bc-grafy-linearnich-funkci", "bc-grafy-linearnich-nerovnic"]};mix
422;181;binaryChoice;;;bc-goniometricke-funkce-mix;;{"rs": ["bc-goniometricke-funkce-a-pravouhly-trojuhelnik", "bc-grafy-goniometrickych-funkci", "bc-hodnoty-goniometrickych-funkci"]};mix
423;160;binaryChoice;;;bc-jednotky-mix;;{"rs": ["bc-jednotky-delky-ze-zivota", "bc-jednotky-hmotnosti-ze-zivota", "bc-jednotky-objemu", "bc-jednotky-obsahu-ze-zivota", "bc-jednotky-teploty-ze-zivota", "bc-jednotky-zkratky-a-predpony"]};mix
424;245;binaryChoice;;;bc-mnoziny-mix;;{"rs": ["bc-mnozinove-operace", "bc-mnoziny-mnozin-potencni-mnozina", "bc-mnoziny-pojmy-a-znaceni", "bc-vennovy-diagramy", "bc-vlastnosti-mnozin-a-mnozinovych-operaci", "bc-zapis-mnozin"]};mix
425;243;binaryChoice;;;bc-logika-mix;;{"rs": ["bc-kvantifikatory", "bc-logika-pojmy-a-znaceni", "bc-upravy-logickych-vyrazu", "bc-vyhodnocovani-logickych-vyrazu"]};mix
426;295;binaryChoice;;;bc-grafy-a-tabulky-mix;;{"rs": ["bc-kolacove-grafy", "bc-sloupcove-grafy", "bc-spojnicove-grafy", "bc-tabulky-zakladni-porozumeni"]};mix
427;306;binaryChoice;;;bc-velka-cisla-slovne;;;basic
428;307;binaryChoice;;;bc-shodnost;;;basic
429;186;binaryChoice;[["text","Výroky a pojmy"]];;bc-logika-vyroky-a-pojmy;;;basic
430;308;binaryChoice;;;bc-absolutni-a-relativni-cetnost;;;basic
431;312;binaryChoice;;;bc-prumer-median-modus-pouziti;;;basic
432;313;binaryChoice;;;bc-kvantily;;;basic
433;314;binaryChoice;;;bc-body-geometrie;;;basic
434;315;binaryChoice;;;bc-logicke-vyroky;;;basic
435;315;binaryChoice;;;bc-morska-logika;;;basic
436;317;binaryChoice;;;bc-nerovnice-zapis-reseni;;;basic
437;318;binaryChoice;;;bc-trojclenka;;;basic
438;321;binaryChoice;;;bc-pomery-vypocty;;;basic
439;320;binaryChoice;;;bc-pomery-zmena-rozdeleni;;;basic
440;326;binaryChoice;;;bc-nerovnice-ekvivalentni-upravy;;;basic
693;195;writtenAnswer;;;wa-ciselna-osa-do-20;;;basic
694;15;writtenAnswer;;;wa-pocitani-do-100;;;basic
695;158;writtenAnswer;;;wa-cisla-do-1-000-slovne;;;basic
696;306;writtenAnswer;;;wa-velka-cisla-slovne;;;basic
697;151;writtenAnswer;;;wa-zaokrouhlovani-na-desitky-a-stovky;;;basic
698;274;writtenAnswer;;;wa-zaokrouhlovani-velkych-cisel;;;basic
699;101;writtenAnswer;;;wa-scitani-a-odcitani-do-10;;;basic
700;101;writtenAnswer;[["text","Sčítání do 10 obrázkově"]];;wa-scitani-do-10-obrazkove;;;basic
701;17;writtenAnswer;;;wa-scitani-a-odcitani-do-20;;;basic
702;17;writtenAnswer;[["text","Sčítání do 20 obrázkově"]];;wa-scitani-do-20-obrazkove;;;basic
703;18;writtenAnswer;;;wa-scitani-a-odcitani-od-20-do-100;;;basic
704;18;writtenAnswer;[["text","Sčítání od 20 do 100 obrázkově"]];;wa-scitani-od-20-do-100-obrazkove;;;basic
705;155;writtenAnswer;;;wa-scitani-a-odcitani-nad-100;;;basic
706;19;writtenAnswer;;;wa-scitani-pod-sebou;;;basic
707;20;writtenAnswer;;;wa-odcitani-pod-sebou;;;basic
708;214;writtenAnswer;[["text","Doplňování řad: sčítání a odčítání"]];;wa-doplnovani-rad-scitani-a-odcitani;;;basic
709;21;writtenAnswer;;;wa-mala-nasobilka;;;basic
710;21;writtenAnswer;[["text","Tabulka malé násobilky"]];;wa-tabulka-male-nasobilky;;;basic
711;24;writtenAnswer;;;wa-nasobeni-viceciferne;;;basic
712;22;writtenAnswer;;;wa-deleni-jednociferne;;;basic
713;23;writtenAnswer;;;wa-deleni-se-zbytkem;;;basic
714;147;writtenAnswer;;;wa-deleni-viceciferne;;;basic
715;10;writtenAnswer;[["text","Doplňování řad: počítání"]];;wa-doplnovani-rad-pocitani;;;basic
716;279;writtenAnswer;;;wa-scitani-a-odcitani-se-zavorkami;;;basic
717;25;writtenAnswer;;;wa-poradi-operaci-zavorky;;;basic
718;311;writtenAnswer;[["text","Počítání s nápadem"]];;wa-pocitani-s-napadem;;;basic
719;103;writtenAnswer;;;wa-ciselna-osa-kladna-a-zaporna-cisla;;;basic
720;27;writtenAnswer;;;wa-pocitani-se-zapornymi-cisly;;;basic
721;28;writtenAnswer;;;wa-vyrazy-s-absolutni-hodnotou;;;basic
722;211;writtenAnswer;;;wa-nejvetsi-spolecny-delitel;;;basic
723;212;writtenAnswer;;;wa-nejmensi-spolecny-nasobek;;;basic
724;165;writtenAnswer;;;wa-mocniny;;;basic
725;166;writtenAnswer;;;wa-odmocniny;;;basic
726;34;writtenAnswer;;;wa-vyrazy-s-mocninami-a-odmocninami;;;basic
727;167;writtenAnswer;;;wa-zaporne-mocniny;;;basic
728;35;writtenAnswer;;;wa-logaritmus-vypocet;;;basic
729;36;writtenAnswer;;;wa-rimske-cislice;;;basic
730;37;writtenAnswer;;;wa-binarni-cisla;;;basic
731;41;writtenAnswer;;;wa-poznavani-zlomku;;;basic
732;118;writtenAnswer;;;wa-zlomky-na-ciselne-ose;;;basic
733;43;writtenAnswer;;;wa-kraceni-zlomku;;;basic
734;168;writtenAnswer;;;wa-smisena-cisla;;;basic
735;44;writtenAnswer;;;wa-scitani-a-odcitani-zlomku;;;basic
736;44;writtenAnswer;[["text","Sčítání zlomků s celočíselným výsledkem"]];;wa-scitani-zlomku-s-celociselnym-vysledkem;;;basic
737;44;writtenAnswer;[["text","Sčítání zlomků s obrázky"]];;wa-scitani-zlomku-s-obrazky;;;basic
738;45;writtenAnswer;;;wa-nasobeni-a-deleni-zlomku;;;basic
739;329;writtenAnswer;;;wa-vypocty-se-zlomky;;;basic
740;47;writtenAnswer;;;wa-pocitani-s-procenty;;;basic
741;48;writtenAnswer;;;wa-zlomky-a-procenta;;;basic
742;152;writtenAnswer;;;wa-zaokrouhlovani-desetinnych-cisel;;;basic
743;49;writtenAnswer;;;wa-scitani-a-odcitani-desetinnych-cisel;;;basic
744;50;writtenAnswer;;;wa-nasobeni-desetinnych-cisel;;;basic
745;217;writtenAnswer;;;wa-deleni-desetinnych-cisel;;;basic
746;51;writtenAnswer;;;wa-zlomky-a-desetinna-cisla;;;basic
747;173;writtenAnswer;;;wa-desetinna-cisla-mocniny-odmocniny;;;basic
748;330;writtenAnswer;;;wa-vypocty-s-desetinnymi-cisly;;;basic
749;60;writtenAnswer;;;wa-pocty-vrcholu-sten-hran;;;basic
750;260;writtenAnswer;[["text","Počet kostek"]];;wa-pocet-kostek;;;basic
751;404;writtenAnswer;;;wa-obsah-na-mrizce;;;basic
752;395;writtenAnswer;;;wa-obvod-na-mrizce;;;basic
753;361;writtenAnswer;;;wa-obsah-trojuhelniky;;;basic
754;145;writtenAnswer;;;wa-obvod-trojuhelniky-ctyruhelniky-mix;;{    "rs": [        "wa-obvod-trojuhelniky",        "wa-obvod-obdelnik-ctverec",        "wa-obvod-lichobeznik",        "wa-obvod-rovnobeznik",        "wa-obvod-obecny-ctyruhelnik"    ]};mix
755;146;writtenAnswer;;;wa-obsah-obvod-kulate-mix;;{    "rs": [        "wa-obsah-kruh",        "wa-obvod-kruh-kruznice",        "wa-obsah-vysec",        "wa-delka-oblouku"    ]};mix
756;153;writtenAnswer;;;wa-obsah-kombinace-utvaru;;;basic
757;115;writtenAnswer;[["text","Obsah, obvod: kombinované otázky"]];;wa-obsah-obvod-kombinovane-otazky;;;basic
758;262;writtenAnswer;;;wa-objem-krychle-kvadr-hranol-jehlan-mix;;{    "rs": [        "wa-objem-krychle-kvadr",        "wa-objem-hranol",        "wa-objem-jehlan"    ]};mix
759;263;writtenAnswer;;;wa-povrch-krychle-kvadr-hranol-jehlan-mix;;{    "rs": [        "wa-povrch-krychle-kvadr",        "wa-povrch-hranol",        "wa-povrch-jehlan"    ]};mix
760;264;writtenAnswer;;;wa-objem-koule-valec-kuzel-mix;;{    "rs": [        "wa-objem-valec",        "wa-objem-koule",        "wa-objem-kuzel"    ]};mix
761;265;writtenAnswer;;;wa-povrch-koule-valec-kuzel-mix;;{    "rs": [        "wa-povrch-valec",        "wa-povrch-koule",        "wa-povrch-kuzel"    ]};mix
762;128;writtenAnswer;;;wa-uhly-v-trojuhelniku;;;basic
763;154;writtenAnswer;;;wa-uhly-ve-ctyruhelniku;;;basic
764;201;writtenAnswer;;;wa-uhly-a-mnohouhelniky;;;basic
765;156;writtenAnswer;;;wa-pythagorova-veta-zakladni-pouziti;;;basic
766;157;writtenAnswer;;;wa-pythagorova-veta-aplikace;;;basic
767;83;writtenAnswer;;;wa-dosazovani-do-vyrazu;;;basic
768;140;writtenAnswer;;;wa-upravy-vyrazu-s-jednou-promennou;;;basic
769;82;writtenAnswer;;;wa-upravy-vyrazu-s-vice-promennymi;;;basic
770;139;writtenAnswer;;;wa-lomene-vyrazy;;;basic
771;233;writtenAnswer;;;wa-jednokrokove-rovnice;;;basic
772;74;writtenAnswer;;;wa-zakladni-rovnice-s-jednou-neznamou;;;basic
773;148;writtenAnswer;;;wa-rovnice-se-zavorkami;;;basic
774;193;writtenAnswer;;;wa-rovnice-s-neznamou-ve-jmenovateli;;;basic
775;149;writtenAnswer;;;wa-rovnice-se-zlomky;;;basic
776;234;writtenAnswer;;;wa-rovnice-s-desetinnymi-cisly;;;basic
777;150;writtenAnswer;;;wa-rovnice-s-lomenymi-vyrazy;;;basic
778;194;writtenAnswer;;;wa-vyjadreni-nezname-z-rovnice;;;basic
779;78;writtenAnswer;;;wa-dve-rovnice-o-dvou-neznamych;;;basic
780;79;writtenAnswer;;;wa-kvadraticke-rovnice;;;basic
781;197;writtenAnswer;;;wa-exponencialni-rovnice;;;basic
782;223;writtenAnswer;;;wa-logaritmicke-rovnice;;;basic
783;320;writtenAnswer;;;wa-pomery-zmena-a-rozdeleni-cisla;;;basic
784;321;writtenAnswer;;;wa-pomery-vypocty;;;basic
785;322;writtenAnswer;;;wa-pomery-meritko-mapy;;;basic
786;91;writtenAnswer;;;wa-hodiny-urcovani-casu;;;basic
787;254;writtenAnswer;;;wa-jednotky-casu;;;basic
788;93;writtenAnswer;;;wa-jednotky-delky;;;basic
789;94;writtenAnswer;;;wa-jednotky-hmotnosti;;;basic
790;126;writtenAnswer;;;wa-jednotky-obsahu;;;basic
791;127;writtenAnswer;;;wa-jednotky-objemu;;;basic
792;136;writtenAnswer;;;wa-kombinacni-cisla;;;basic
793;250;writtenAnswer;;;wa-zakladni-pravdepodobnost-jevu;;;basic
794;251;writtenAnswer;;;wa-opakovane-pokusy-a-slozene-jevy;;;basic
795;253;writtenAnswer;[["text","Pravděpodobnost: kostky"]];;wa-pravdepodobnost-kostky;;;basic
796;291;writtenAnswer;;;wa-prumer-a-median;;;basic
797;291;writtenAnswer;[["text","Vlastnosti aritmetického průměru"]];;wa-vlastnosti-aritmetickeho-prumeru;;;basic
798;17;writtenAnswer;;;wa-slovni-scitani-a-odcitani-do-20;;;basic
799;18;writtenAnswer;;;wa-slovni-scitani-a-odcitani-od-20-do-100;;;basic
800;155;writtenAnswer;;;wa-slovni-scitani-a-odcitani-nad-100;;;basic
801;21;writtenAnswer;;;wa-slovni-mala-nasobilka;;;basic
802;24;writtenAnswer;;;wa-slovni-nasobeni-viceciferne;;;basic
803;23;writtenAnswer;;;wa-slovni-deleni-se-zbytkem;;;basic
804;107;writtenAnswer;;;wa-slovni-nasobeni-a-deleni-mix;;;basic
805;311;writtenAnswer;[["text","Slovní úlohy na výpočet věku"]];;wa-slovni-slovni-ulohy-na-vypocet-veku;;;basic
806;311;writtenAnswer;[["text","Záludné slovní úlohy"]];;wa-slovni-zaludne-slovni-ulohy;;;basic
807;108;writtenAnswer;[["text","Kombinace základních operací"]];;wa-slovni-kombinace-zakladnich-operaci;;;basic
808;110;writtenAnswer;[["text","Dělitel, násobek"]];;wa-slovni-delitel-nasobek;;;basic
809;111;writtenAnswer;;;wa-slovni-zlomky-mix;;;basic
810;112;writtenAnswer;;;wa-slovni-procenta-mix;;;basic
811;113;writtenAnswer;;;wa-slovni-desetinna-cisla-mix;;;basic
812;115;writtenAnswer;;;wa-slovni-obsah-obvod-mix;;;basic
813;266;writtenAnswer;[["text","Objem a povrch: koule, válec, kužel"]];;wa-slovni-objem-a-povrch-koule-valec-kuzel;;;basic
814;266;writtenAnswer;[["text","Objem a povrch: kvádr, jehlan, hranol"]];;wa-slovni-objem-a-povrch-kvadr-jehlan-hranol;;;basic
815;179;writtenAnswer;[["text","Slovní úlohy s úhly"]];;wa-slovni-slovni-ulohy-s-uhly;;;basic
816;157;writtenAnswer;;;wa-slovni-pythagorova-veta-aplikace;;;basic
817;157;writtenAnswer;[["text","Pythagorova věta: úlohy s diagramem"]];;wa-slovni-pythagorova-veta-ulohy-s-diagramem;;;basic
818;79;writtenAnswer;;;wa-slovni-kvadraticke-rovnice;;;basic
819;203;writtenAnswer;[["text","Obecné slovní úlohy s rovnicemi"]];;wa-slovni-obecne-slovni-ulohy-s-rovnicemi;;;basic
820;321;writtenAnswer;;;wa-slovni-pomery-vypocty;;;basic
821;235;writtenAnswer;;;wa-slovni-prima-a-neprima-umernost;;;basic
822;237;writtenAnswer;;;wa-slovni-myslim-si-cislo;;;basic
823;236;writtenAnswer;;;wa-slovni-ulohy-o-smesich;;;basic
824;240;writtenAnswer;;;wa-slovni-spolecna-prace;;;basic
825;238;writtenAnswer;;;wa-slovni-ulohy-s-pohybem;;;basic
826;92;writtenAnswer;[["text","Slovní úlohy s časem"]];;wa-slovni-slovni-ulohy-s-casem;;;basic
827;160;writtenAnswer;[["text","Slovní úlohy na převody jednotek"]];;wa-slovni-slovni-ulohy-na-prevody-jednotek;;;basic
828;202;writtenAnswer;[["text","Slovní úlohy o penězích - různé"]];;wa-slovni-slovni-ulohy-o-penezich-ruzne;;;basic
829;202;writtenAnswer;[["text","Slovní úlohy o penězích - mix"]];;wa-slovni-slovni-ulohy-o-penezich-mix;;{    "rs": [        "wa-slovni-slovni-ulohy-o-penezich-ruzne",        "wa-slovni-spolecne-vydaje-a-vyrovnani",        "wa-slovni-prevody-men",        "wa-slovni-penize-procenta"    ]};mix
830;245;writtenAnswer;[["text","Slovní úlohy na množiny"]];;wa-slovni-slovni-ulohy-na-mnoziny;;;basic
831;191;writtenAnswer;[["text","Kombinace bez opakování"]];;wa-slovni-kombinace-bez-opakovani;;;basic
832;191;writtenAnswer;[["text","Kombinace s opakováním"]];;wa-slovni-kombinace-s-opakovanim;;;basic
833;191;writtenAnswer;[["text","Permutace a variace bez opakování"]];;wa-slovni-permutace-a-variace-bez-opakovani;;;basic
834;191;writtenAnswer;[["text","Permutace a variace s opakováním"]];;wa-slovni-permutace-a-variace-s-opakovanim;;;basic
835;135;writtenAnswer;[["text","Kombinatorická číselná rozcvička"]];;wa-slovni-kombinatoricka-ciselna-rozcvicka;;;basic
836;253;writtenAnswer;;;wa-slovni-pravdepodobnost-mix;;;basic
837;88;writtenAnswer;;;wa-slovni-tabulky-zakladni-porozumeni;;;basic
838;292;writtenAnswer;;;wa-slovni-sloupcove-grafy;;;basic
839;87;writtenAnswer;;;wa-slovni-spojnicove-grafy;;;basic
840;177;writtenAnswer;;;wa-cisla-mix;;{"rs":["wa-ciselna-osa-do-20","wa-pocitani-do-100","wa-cisla-do-1-000-slovne", "wa-zaokrouhlovani-na-desitky-a-stovky"]};mix
841;214;writtenAnswer;;;wa-scitani-odcitani-viceciferne-mix;;{"rs":["wa-scitani-a-odcitani-od-20-do-100","wa-scitani-pod-sebou","wa-odcitani-pod-sebou","wa-scitani-a-odcitani-od-20-do-100","wa-scitani-a-odcitani-nad-100"]};mix
842;106;writtenAnswer;;;wa-scitani-a-odcitani-mix;;{    "rs": [        "wa-scitani-a-odcitani-do-10",        "wa-scitani-a-odcitani-do-20"    ]};mix
843;107;writtenAnswer;;;wa-nasobeni-a-deleni-mix;;{"rs":["wa-mala-nasobilka","wa-deleni-jednociferne","wa-nasobeni-viceciferne","wa-deleni-se-zbytkem","wa-deleni-viceciferne"]};mix
844;108;writtenAnswer;;;wa-kombinace-operaci-mix;;{"rs":["wa-doplnovani-rad-pocitani","wa-poradi-operaci-zavorky","wa-pocitani-s-napadem"]};mix
845;109;writtenAnswer;;;wa-zaporna-cisla-mix;;{"rs":["wa-ciselna-osa-kladna-a-zaporna-cisla","wa-pocitani-se-zapornymi-cisly","wa-pocitani-se-zapornymi-cisly","wa-vyrazy-s-absolutni-hodnotou"]};mix
846;110;writtenAnswer;;;wa-delitelnost-mix;;{"rs":["wa-nejvetsi-spolecny-delitel","wa-nejmensi-spolecny-nasobek"]};mix
847;33;writtenAnswer;;;wa-mocniny-odmocniny-mix;;{"rs":["wa-mocniny","wa-odmocniny","wa-vyrazy-s-mocninami-a-odmocninami","wa-zaporne-mocniny","wa-logaritmus-vypocet"]};mix
848;111;writtenAnswer;;;wa-zlomky-mix;;{"rs":["wa-kraceni-zlomku","wa-scitani-a-odcitani-zlomku","wa-scitani-a-odcitani-zlomku","wa-nasobeni-a-deleni-zlomku","wa-zlomky-na-ciselne-ose","wa-smisena-cisla","wa-scitani-a-odcitani-zlomku"]};mix
849;113;writtenAnswer;;;wa-desetinna-cisla-mix;;{"rs":["wa-zaokrouhlovani-desetinnych-cisel","wa-scitani-a-odcitani-desetinnych-cisel","wa-nasobeni-desetinnych-cisel","wa-zlomky-a-desetinna-cisla","wa-deleni-desetinnych-cisel", "wa-desetinna-cisla-mocniny-odmocniny","wa-vypocty-s-desetinnymi-cisly"]};mix
850;115;writtenAnswer;;;wa-obsah-obvod-mix;;{"rs":["wa-obsah-na-mrizce","wa-obvod-na-mrizce","wa-obsah-trojuhelniky","wa-obsah-obdelnik-ctverec","wa-obsah-lichobeznik","wa-obsah-rovnobeznik","wa-obvod-trojuhelniky","wa-obvod-obdelnik-ctverec","wa-obvod-lichobeznik","wa-obvod-rovnobeznik","wa-obsah-kruh","wa-obsah-vysec","wa-delka-oblouku","wa-obvod-kruh-kruznice","wa-obsah-kombinace-utvaru"]};mix
851;266;writtenAnswer;;;wa-objem-povrch-mix;;{    "rs": [        "wa-objem-krychle-kvadr",        "wa-objem-hranol",        "wa-objem-jehlan",        "wa-objem-koule",        "wa-objem-valec",        "wa-objem-kuzel",        "wa-povrch-krychle-kvadr",        "wa-povrch-hranol",        "wa-povrch-jehlan",        "wa-povrch-koule",        "wa-povrch-valec",        "wa-povrch-kuzel"    ]};mix
852;179;writtenAnswer;;;wa-uhly-mix;;{"rs":["wa-uhly-v-trojuhelniku","wa-uhly-ve-ctyruhelniku","wa-uhly-a-mnohouhelniky"]};mix
853;215;writtenAnswer;;;wa-pythagorova-veta-mix;;{"rs":["wa-pythagorova-veta-zakladni-pouziti","wa-pythagorova-veta-aplikace"]};mix
854;182;writtenAnswer;;;wa-vyrazy-upravy-mix;;{"rs":["wa-dosazovani-do-vyrazu","wa-upravy-vyrazu-s-jednou-promennou","wa-upravy-vyrazu-s-vice-promennymi","wa-lomene-vyrazy"]};mix
855;159;writtenAnswer;;;wa-rovnice-mix;;{"rs":["wa-zakladni-rovnice-s-jednou-neznamou","wa-rovnice-se-zavorkami","wa-rovnice-se-zlomky","wa-rovnice-s-lomenymi-vyrazy","wa-dve-rovnice-o-dvou-neznamych","wa-kvadraticke-rovnice","wa-rovnice-s-desetinnymi-cisly","wa-vyjadreni-nezname-z-rovnice","wa-dve-rovnice-o-dvou-neznamych"]};mix
856;160;writtenAnswer;;;wa-jednotky-mix;;{"rs":["wa-jednotky-delky","wa-jednotky-hmotnosti","wa-jednotky-obsahu","wa-jednotky-objemu"]};mix
857;266;writtenAnswer;;;wa-slovni-objem-povrch-mix;;{"rs":["wa-slovni-objem-a-povrch-koule-valec-kuzel","wa-slovni-objem-a-povrch-kvadr-jehlan-hranol"]};mix
858;239;writtenAnswer;;;wa-slovni-ulohy-rovnice-mix;;{"rs":["wa-slovni-prima-a-neprima-umernost","wa-slovni-obecne-slovni-ulohy-s-rovnicemi","wa-slovni-prima-a-neprima-umernost","wa-slovni-spolecna-prace","wa-slovni-ulohy-o-smesich"]};mix
859;334;binaryChoice;;;bc-porovnavani-vysledku-do-20;;;basic
860;335;binaryChoice;;;bc-porovnavani-vysledku-do-100;;;basic
862;336;binaryChoice;;;bc-konstrukce-trojuhelniku-zname-strany;;;basic
863;207;binaryChoice;;;bc-trojuhelnikova-nerovnost;;;basic
864;364;binaryChoice;;;bc-obsah-ctverce-obdelniky;;;basic
865;366;binaryChoice;;;bc-obsah-rovnobezniky;;;basic
866;361;binaryChoice;;;bc-obsah-trojuhelniky;;;basic
867;144;binaryChoice;;;bc-obsah-trojuhelniky-ctyruhelniky-nuhelniky-mix;;{"rs": ["bc-obsah-ctverce-obdelniky","bc-obsah-rovnobezniky","bc-obsah-trojuhelniky","bc-obsah-lichobezniky"]};mix
868;368;binaryChoice;;;bc-obsah-lichobezniky;;;basic
869;364;writtenAnswer;;;wa-obsah-obdelnik-ctverec;;;basic
870;368;writtenAnswer;;;wa-obsah-lichobeznik;;;basic
871;366;writtenAnswer;;;wa-obsah-rovnobeznik;;;basic
872;362;binaryChoice;;;bc-obvod-trojuhelniky;;;basic
873;363;binaryChoice;;;bc-obvod-ctverce-obdelniky;;;basic
874;365;binaryChoice;;;bc-obvod-rovnobezniky;;;basic
875;367;binaryChoice;;;bc-obvod-lichobezniky;;;basic
876;344;binaryChoice;;;bc-poznavani-uhlu-radiany;;;basic
877;360;binaryChoice;;;bc-delka-oblouku;;;basic
878;363;writtenAnswer;;;wa-obvod-obdelnik-ctverec;;;basic
879;362;writtenAnswer;;;wa-obvod-trojuhelniky;;;basic
880;365;writtenAnswer;;;wa-obvod-rovnobeznik;;;basic
881;367;writtenAnswer;;;wa-obvod-lichobeznik;;;basic
882;370;writtenAnswer;;;wa-objem-krychle-kvadr;;;basic
883;370;binaryChoice;;;bc-objem-krychle-kvadr;;;basic
884;372;binaryChoice;;;bc-objem-hranol;;;basic
885;372;writtenAnswer;;;wa-objem-hranol;;;basic
886;360;writtenAnswer;;;wa-delka-oblouku;;;basic
888;145;binaryChoice;;;bc-obvod-pravidelne-nuhelniky;;;basic
889;145;binaryChoice;;;bc-obvod-obecne-ctyruhelniky;;;basic
890;374;writtenAnswer;;;wa-objem-jehlan;;;basic
891;374;binaryChoice;;;bc-objem-jehlan;;;basic
892;265;binaryChoice;;;bc-povrch-kulate-mix;;{    "rs": [        "bc-povrch-koule",        "bc-povrch-valec"    ]};mix
893;371;binaryChoice;;;bc-povrch-krychle-kvadr;;;basic
894;373;binaryChoice;;;bc-povrch-hranol;;;basic
895;375;binaryChoice;;;bc-povrch-jehlan;;;basic
896;371;writtenAnswer;;;wa-povrch-krychle-kvadr;;;basic
897;373;writtenAnswer;;;wa-povrch-hranol;;;basic
898;375;writtenAnswer;;;wa-povrch-jehlan;;;basic
899;146;binaryChoice;;;bc-obsah-kruh;;;basic
900;360;binaryChoice;;;bc-obsah-vysec;;;basic
901;146;binaryChoice;;;bc-obvod-kruh-kruznice;;;basic
902;146;writtenAnswer;;;wa-obsah-kruh;;;basic
903;360;writtenAnswer;;;wa-obsah-vysec;;;basic
904;146;writtenAnswer;;;wa-obvod-kruh-kruznice;;;basic
905;145;writtenAnswer;;;wa-obvod-obecny-ctyruhelnik;;;basic
906;380;writtenAnswer;;;wa-objem-koule;;;basic
907;380;binaryChoice;;;bc-objem-koule;;;basic
908;380;binaryChoice;;;bc-objem-koule-principy;;;basic
909;378;binaryChoice;;;bc-objem-kuzel;;;basic
910;376;binaryChoice;;;bc-objem-valec;;;basic
911;376;writtenAnswer;;;wa-objem-valec;;;basic
912;378;writtenAnswer;;;wa-objem-kuzel;;;basic
913;370;binaryChoice;;;bc-objem-krychle-kvadr-principy;;;basic
914;372;binaryChoice;;;bc-objem-hranol-principy;;;basic
915;374;binaryChoice;;;bc-objem-jehlan-principy;;;basic
916;376;binaryChoice;;;bc-objem-valec-principy;;;basic
917;378;binaryChoice;;;bc-objem-kuzel-principy;;;basic
918;371;binaryChoice;;;bc-povrch-krychle-kvadr-principy;;;basic
919;373;binaryChoice;;;bc-povrch-hranol-principy;;;basic
920;375;binaryChoice;;;bc-povrch-jehlan-principy;;;basic
921;381;binaryChoice;;;bc-povrch-koule-principy;;;basic
922;377;binaryChoice;;;bc-povrch-valec-principy;;;basic
923;379;binaryChoice;;;bc-povrch-kuzel-principy;;;basic
924;381;binaryChoice;;;bc-povrch-koule;;;basic
925;377;binaryChoice;;;bc-povrch-valec;;;basic
926;379;binaryChoice;;;bc-povrch-kuzel;;;basic
927;381;writtenAnswer;;;wa-povrch-koule;;;basic
928;377;writtenAnswer;;;wa-povrch-valec;;;basic
929;379;writtenAnswer;;;wa-povrch-kuzel;;;basic
930;401;binaryChoice;;;bc-obsah-ctverce-obdelniky-mrizka;;;basic
931;401;writtenAnswer;;;wa-obsah-obdelnik-ctverec-mrizka;;;basic
932;397;writtenAnswer;;;wa-obvod-obdelnik-ctverec-mrizka;;;basic
933;400;writtenAnswer;;;wa-obsah-trojuhelniky-mrizka;;;basic
934;403;writtenAnswer;;;wa-obsah-lichobeznik-mrizka;;;basic
935;402;writtenAnswer;;;wa-obsah-rovnobeznik-mrizka;;;basic
936;400;binaryChoice;;;bc-obsah-trojuhelniky-mrizka;;;basic
937;403;binaryChoice;;;bc-obsah-lichobezniky-mrizka;;;basic
938;402;binaryChoice;;;bc-obsah-rovnobezniky-mrizka;;;basic
939;396;writtenAnswer;;;wa-obvod-trojuhelniky-mrizka;;;basic
940;367;writtenAnswer;;;wa-obvod-lichobeznik-mrizka;;;basic
941;365;writtenAnswer;;;wa-obvod-rovnobeznik-mrizka;;;basic
942;406;binaryChoice;;;bc-obsah-vysec-mrizka;;;basic
943;405;binaryChoice;;;bc-obsah-kruh-mrizka;;;basic
944;350;binaryChoice;;;bc-kruh-pojmy-mrizka;;;basic
945;146;binaryChoice;;;bc-obvod-kruh-kruznice-mrizka;;;basic
946;146;writtenAnswer;;;wa-obsah-kruh-mrizka;;;basic
947;145;binaryChoice;;;bc-obvod-ctverec-obdelnik-trojuhelnik-mix;;{    "rs": [        "bc-obvod-ctverce-obdelniky",        "bc-obvod-trojuhelniky"    ]};mix
948;145;binaryChoice;;;bc-obvod-rovnobeznik-lichobeznik-obecny-ctyruhelnik-mix;;{    "rs": [        "bc-obvod-rovnobezniky",        "bc-obvod-lichobezniky",        "bc-obvod-obecne-ctyruhelniky"    ]};mix
949;146;writtenAnswer;;;wa-obvod-kruh-kruznice-mrizka;;;basic
950;406;writtenAnswer;;;wa-obsah-vysec-mrizka;;;basic
951;360;writtenAnswer;;;wa-delka-oblouk-mrizka;;;basic
952;145;writtenAnswer;;;wa-obvod-ctverec-obdelnik-trojuhelnik-mix;;{    "rs": [        "wa-obvod-trojuhelniky",        "wa-obvod-obdelnik-ctverec"    ]};mix
953;145;writtenAnswer;;;wa-obvod-rovnobeznik-lichobeznik-obecny-ctyruhelnik-mix;;{    "rs": [        "wa-obvod-lichobeznik",        "wa-obvod-rovnobeznik",        "wa-obvod-obecny-ctyruhelnik"    ]};mix
954;395;writtenAnswer;;;wa-obvod-ctverec-obdelnik-trojuhelnik-mrizka-mix;;{    "rs": [        "wa-obvod-obdelnik-ctverec-mrizka",        "wa-obvod-trojuhelniky-mrizka"    ]};mix
955;144;binaryChoice;;;bc-obsah-trojuhelniky-rovnobezniky-lichobezniky-mrizka-mix;;{    "rs": [        "bc-obsah-trojuhelniky-mrizka",        "bc-obsah-rovnobezniky-mrizka",        "bc-obsah-lichobezniky-mrizka"    ]};mix
956;144;binaryChoice;;;bc-obsah-trojuhelniky-rovnobezniky-lichobezniky-mix;;{    "rs": [        "bc-obsah-trojuhelniky",        "bc-obsah-rovnobezniky",        "bc-obsah-lichobezniky"    ]};mix
957;144;writtenAnswer;;;wa-obsah-trojuhelnik-lichobeznik-rovnobeznik-mix;;{    "rs": [        "wa-obsah-trojuhelniky",        "wa-obsah-lichobeznik",        "wa-obsah-rovnobeznik"    ]};mix
958;144;binaryChoice;;;bc-obsah-trojuhelniky-ctyruhelniky-mix;;{    "rs": [        "bc-obsah-ctverce-obdelniky",        "bc-obsah-rovnobezniky",        "bc-obsah-trojuhelniky",        "bc-obsah-lichobezniky"    ]};mix
959;146;binaryChoice;;;bc-obsah-obvod-kulate-mix;;{    "rs": [        "bc-obsah-vysec",        "bc-delka-oblouku",        "bc-obsah-kruh",        "bc-obvod-kruh-kruznice"    ]};mix
960;146;binaryChoice;;;bc-obsah-obvod-kruh-kruznice-mix;;{    "rs": [        "bc-obsah-kruh",        "bc-obvod-kruh-kruznice",        "bc-obsah-kruh-principy"    ]};mix
961;360;binaryChoice;;;bc-obsah-obvod-vysec-oblouk-mix;;{    "rs": [        "bc-obsah-vysec",        "bc-delka-oblouku"    ]};mix
962;146;writtenAnswer;;;wa-obsah-obvod-kruh-kruznice-mix;;{    "rs": [        "wa-obsah-kruh",        "wa-obvod-kruh-kruznice"    ]};mix
963;360;writtenAnswer;;;wa-obsah-vysec-delka-oblouk-mix;;{    "rs": [        "wa-obsah-vysec",        "wa-delka-oblouku"    ]};mix
964;262;binaryChoice;;;bc-objem-hranate-vypocty-a-principy-mix;;{    "rs": [        "bc-objem-krychle-kvadr",        "bc-objem-krychle-kvadr-principy",        "bc-objem-hranol",        "bc-objem-hranol-principy",        "bc-objem-jehlan",        "bc-objem-jehlan-principy"    ]};mix
965;264;binaryChoice;;;bc-objem-kulate-vypocty-a-principy-mix;;{    "rs": [        "bc-objem-koule",        "bc-objem-koule-principy",        "bc-objem-valec",        "bc-objem-valec-principy",        "bc-objem-kuzel",        "bc-objem-kuzel-principy"    ]};mix
966;364;binaryChoice;;;bc-obsah-ctverce-obdelniky-principy;;;basic
967;361;binaryChoice;;;bc-obsah-trojuhelniky-principy;;;basic
968;368;binaryChoice;;;bc-obsah-lichobezniky-principy;;;basic
969;366;binaryChoice;;;bc-obsah-rovnobezniky-principy;;;basic
970;363;binaryChoice;;;bc-obvod-ctverce-obdelniky-principy;;;basic
971;362;binaryChoice;;;bc-obvod-trojuhelniky-principy;;;basic
972;367;binaryChoice;;;bc-obvod-lichobezniky-principy;;;basic
973;365;binaryChoice;;;bc-obvod-rovnobezniky-principy;;;basic
974;146;binaryChoice;;;bc-obsah-kruh-principy;;;basic
975;146;binaryChoice;;;bc-obvod-kruh-kruznice-principy;;;basic
976;360;binaryChoice;;;bc-obsah-vysec-principy;;;basic
977;360;binaryChoice;;;bc-delka-oblouku-principy;;;basic
978;144;binaryChoice;;;bc-obsah-pravidelne-nuhelniky-principy;;;basic
979;145;binaryChoice;;;bc-obvod-pravidelne-nuhelniky-principy;;;basic
980;350;binaryChoice;;;bc-kruznice-vzajemna-poloha;;;basic
981;385;binaryChoice;;;bc-odhad-ceny-veci;;;basic
982;386;binaryChoice;;;bc-prevody-men;;;basic
983;386;writtenAnswer;;;wa-slovni-prevody-men;;;basic
984;387;binaryChoice;;;bc-sleva-dan-jednoduchy-urok-procenta;;;basic
985;388;writtenAnswer;;;wa-slovni-spolecne-vydaje-a-vyrovnani;;;basic
986;389;binaryChoice;;;bc-finance-pojmy-zaklady;;;basic
987;390;binaryChoice;;;bc-finance-pojmy-produkty;;;basic
988;387;writtenAnswer;;;wa-slovni-penize-procenta;;;basic
989;420;writtenAnswer;;;wa-mala-nasobilka-cislo-2;;;basic
990;421;writtenAnswer;;;wa-mala-nasobilka-cislo-3;;;basic
991;422;writtenAnswer;;;wa-mala-nasobilka-cislo-4;;;basic
992;423;writtenAnswer;;;wa-mala-nasobilka-cislo-5;;;basic
993;424;writtenAnswer;;;wa-mala-nasobilka-cislo-6;;;basic
994;425;writtenAnswer;;;wa-mala-nasobilka-cislo-7;;;basic
995;426;writtenAnswer;;;wa-mala-nasobilka-cislo-8;;;basic
996;427;writtenAnswer;;;wa-mala-nasobilka-cislo-9;;;basic
997;428;writtenAnswer;;;wa-mala-nasobilka-cislo-10;;;basic
998;78;writtenAnswer;;;wa-soustava-rovnic-dosazovaci-metoda;;;basic
999;78;binaryChoice;;;bc-soustava-2-linearnich-rovnic;;;basic
1000;410;binaryChoice;;;bc-body-souradnice-v-rovine;;;basic
1001;410;writtenAnswer;;;wa-body-souradnice-v-rovine;;;basic
1002;415;binaryChoice;;;bc-vektory-delka;;;basic
1003;411;binaryChoice;;;bc-body-souradnice-v-prostoru;;;basic
1004;412;binaryChoice;;;bc-vzdalenost-bodu-v-rovine;;;basic
1005;411;writtenAnswer;;;wa-body-souradnice-v-prostoru;;;basic
1006;416;binaryChoice;;;bc-vektory-vzajemna-poloha;;;basic
1007;417;binaryChoice;;;bc-vektory-nasobeni-konstantou-soucet;;;basic
1008;418;binaryChoice;;;bc-vektory-skalarni-soucin;;;basic
1009;412;writtenAnswer;;;wa-vzdalenost-bodu-v-rovine;;;basic
1010;415;writtenAnswer;;;wa-delka-vektoru;;;basic
1011;419;writtenAnswer;;;wa-vektory-souradnice;;;basic
1012;416;writtenAnswer;;;wa-vektory-vzajemna-poloha;;;basic
1013;419;binaryChoice;;;bc-vektory-souradnice-2d;;;basic
1014;413;binaryChoice;;;bc-vzdalenost-bodu-v-prostoru;;;basic
1015;413;writtenAnswer;;;wa-vzdalenost-bodu-v-prostoru;;;basic
1016;418;writtenAnswer;;;wa-vektory-skalarni-soucin;;;basic
1017;436;binaryChoice;;;bc-primka-parametricka-rovnice;;;basic
1018;285;binaryChoice;;;bc-primka-pojmy-principy;;;basic
1019;437;binaryChoice;;;bc-primka-obecna-rovnice;;;basic
1020;439;binaryChoice;;;bc-polohove-ulohy-primka-bod;;;basic
1021;430;binaryChoice;;;bc-usecky-delka-v-rovine;;;basic
1022;438;binaryChoice;;;bc-primka-vzajemna-poloha-primek;;;basic
1023;430;writtenAnswer;;;wa-usecky-delka-v-rovine;;;basic
1024;285;binaryChoice;;;bc-urceni-primky;;;basic
1025;430;termDescription;;;td-delka-usecky;;;basic
1026;431;binaryChoice;;;bc-usecky-delka-v-prostoru;;;basic
1027;431;writtenAnswer;;;wa-usecky-delka-v-prostoru;;;basic
1028;432;binaryChoice;;;bc-vzajemna-poloha-usecek-v-rovine;;;basic
1029;433;binaryChoice;;;bc-vzajemna-poloha-usecek-v-prostoru;;;basic
1030;434;binaryChoice;;;bc-stred-usecky-v-rovine;;;basic